"Nailed Fist","못박은 너클"
"Sharktooth Claw","상어이빨 클로"
Awl,송곳
"Cat's Paw","고양이 발"
Blinder,실명기
"Timeworn Claw","오래된 클로"
"Sparkling Claw","섬광 클로"
"Fright Claw","섬뜩한 클로"
"Double Claw","이중 클로"
"Thresher Claw","도리깨 클로"
Gouger,후비개
"Tiger's Paw","호랑이 발"
"Gut Ripper","내장 거열기"
"Prehistoric Claw","선사 시대 클로"
"Noble Claw","귀족 클로"
"Eagle Claw","독수리 클로"
"Twin Claw","쌍둥이 클로"
"Great White Claw","거대 하얀 클로"
"Throat Stabber","목구멍 송곳"
"Hellion's Paw","헬리온의 발"
"Eye Gouger","눈 후비개"
"Vaal Claw","바알 클로"
"Imperial Claw","제국 클로"
"Terror Claw","공포의 클로"
"Gemini Claw","쌍생아 클로"
"Shadow Fangs","그림자 송곳니"
"Malign Fangs","해악의 송곳니"
"Void Fangs","공허의 송곳니"
"Glass Shank","유리 단도"
"Skinning Knife","무두질용 단도"
Stiletto,스틸레토
"Prong Dagger","갈래 단검"
"Flaying Knife","박피 단도"
Poignard,포이너드
Trisula,트리술라
"Gutting Knife","내장 제거용 단도"
Ambusher,매복자
Sai,사이
"Hollowpoint Dagger","중공 단검"
"Pressurised Dagger","가압 단검"
"Pneumatic Dagger","공압 단검"
"Ethereal Blade","천상의 칼날"
"Driftwood Wand","표류목 마법봉"
"Goat's Horn","염소의 뿔"
"Carved Wand","조각된 마법봉"
"Quartz Wand","석영 마법봉"
"Spiraled Wand","나선형 마법봉"
"Sage Wand","현자 마법봉"
"Pagan Wand","이교도 마법봉"
"Faun's Horn","판의 뿔"
"Engraved Wand","아로새긴 마법봉"
"Crystal Wand","수정 마법봉"
"Coiled Wand","똬리 마법봉"
"Omen Wand","전조의 마법봉"
"Heathen Wand","이방인 마법봉"
"Demon's Horn","악마의 뿔"
"Imbued Wand","부여된 마법봉"
"Opal Wand","오팔 마법봉"
"Tornado Wand","회오리 마법봉"
"Prophecy Wand","예언 마법봉"
"Profane Wand","부정한 마법봉"
"Assembler Wand","조립 마법봉"
"Congregator Wand","군집 마법봉"
"Accumulator Wand","축적 마법봉"
"Calling Wand","부름의 마법봉"
"Convening Wand","회합의 마법봉"
"Convoking Wand","소집의 마법봉"
"Charan's Sword","차란의 검"
"Golden Blade","황금 검"
"Rusted Sword","녹슨 검"
"Copper Sword","구리 검"
Sabre,사브르
"Broad Sword","넓은날 검"
"War Sword","전쟁 검"
"Ancient Sword","고대의 검"
"Elegant Sword","고상한 검"
"Dusk Blade","황혼의 검"
"Hook Sword","갈고리 검"
"Variscite Blade","바리사이트 검"
Cutlass,커틀라스
Baselard,베이스라드
"Battle Sword","전투용 검"
"Elder Sword","장로의 검"
"Graceful Sword","우아한 검"
"Twilight Blade","여명의 검"
Grappler,격투자
"Gemstone Sword","원석 검"
"Corsair Sword","해적의 검"
Gladius,글라디우스
"Legion Sword","군단 검"
"Vaal Blade","바알 칼날"
"Eternal Sword","영원의 검"
"Midnight Blade","심야의 칼날"
"Tiger Hook","호랑이 갈고리"
"Fickle Spiritblade","변화무쌍한 정령의 칼"
"Capricious Spiritblade","변덕스러운 정령의 칼"
"Anarchic Spiritblade","무질서한 정령의 칼"
"Energy Blade","에너지 칼날"
"Rusted Spike","녹슨 스파이크"
"Whalebone Rapier","고래뼈 레이피어"
"Battered Foil","닳은 펜싱 검"
"Basket Rapier","손보호구 레이피어"
"Jagged Foil","삐죽삐죽한 펜싱 검"
"Antique Rapier","앤티크 레이피어"
"Elegant Foil","고상한 펜싱 검"
"Thorn Rapier","가시 레이피어"
Smallsword,"스몰 소드"
"Wyrmbone Rapier","아룡뼈 레이피어"
"Burnished Foil","윤이 나는 펜싱 검"
Estoc,에스톡
"Serrated Foil","톱니 펜싱 검"
"Primeval Rapier","원시 레이피어"
"Fancy Foil","장식용 펜싱 검"
"Apex Rapier","정점 레이피어"
"Courtesan Sword","코르티잔 검"
"Dragonbone Rapier","용뼈 레이피어"
"Tempered Foil","단조한 펜싱 검"
Pecoraro,페코라로
"Spiraled Foil","나선형 펜싱 검"
"Vaal Rapier","바알 레이피어"
"Jewelled Foil","보석이 박힌 펜싱 검"
"Harpy Rapier","하피 레이피어"
"Dragoon Sword","용기병 검"
"Rusted Hatchet","녹슨 손도끼"
"Jade Hatchet","비취 손도끼"
"Boarding Axe","선상 도끼"
Cleaver,가로날도끼
"Broad Axe","넓은날 도끼"
"Arming Axe","전투용 도끼"
"Decorative Axe","장식된 도끼"
"Spectral Axe","영체 도끼"
"Etched Hatchet","조각된 손도끼"
"Jasper Axe","벽옥 손도끼"
Tomahawk,토마호크
"Wrist Chopper","팔목 절단기"
"War Axe","전쟁용 도끼"
"Chest Splitter","가르기용 스플리터"
"Ceremonial Axe","의식용 도끼"
"Wraith Axe","악령 도끼"
"Engraved Hatchet","아로새긴 손도끼"
"Karui Axe","카루이 도끼"
"Siege Axe","공성용 도끼"
"Reaver Axe","강탈자 도끼"
"Butcher Axe","도살자 도끼"
"Vaal Hatchet","바알 손도끼"
"Royal Axe","왕실 도끼"
"Infernal Axe","지옥불 도끼"
"Runic Hatchet","룬 손도끼"
"Maltreatment Axe","가학의 도끼"
"Disapprobation Axe","책망의 도끼"
"Psychotic Axe","광기의 도끼"
"Driftwood Club","표류목 곤봉"
"Tribal Club","부족 곤봉"
"Spiked Club","가시 박힌 곤봉"
"Stone Hammer","쇄석 망치"
"War Hammer","전쟁 망치"
"Bladed Mace","톱날 철퇴"
"Ceremonial Mace","의식용 철퇴"
"Dream Mace","몽환의 철퇴"
"Wyrm Mace","아룡 철퇴"
"Petrified Club","석화된 곤봉"
"Barbed Club","가시 돋친 곤봉"
"Rock Breaker","바위 분쇄기"
"Battle Hammer","전투용 망치"
"Flanged Mace","테두리 철퇴"
"Ornate Mace","화려한 철퇴"
"Phantom Mace","혼령 철퇴"
"Dragon Mace","용 철퇴"
"Ancestral Club","선대의 곤봉"
Tenderizer,"고기 망치"
Gavel,의사봉
"Legion Hammer","군단 망치"
Pernach,페르나치
"Auric Mace","금빛 철퇴"
"Nightmare Mace","악몽의 철퇴"
"Behemoth Mace","거대한 철퇴"
"Flare Mace","조명탄 철퇴"
"Crack Mace","균열 철퇴"
"Boom Mace","우뢰 철퇴"
"Crude Bow","조잡한 활"
"Short Bow",단궁
"Long Bow",장궁
"Composite Bow",합성궁
"Recurve Bow",반곡궁
"Bone Bow","뼈 활"
"Royal Bow","왕실 활"
"Death Bow","죽음의 활"
"Reflex Bow",반동궁
"Grove Bow","수목원 활"
"Decurve Bow",비곡궁
"Compound Bow",복합궁
"Sniper Bow","저격수 활"
"Ivory Bow","상아색 활"
"Highborn Bow","명문가의 활"
"Decimation Bow","대량 학살의 활"
"Steelwood Bow","강철목 활"
"Thicket Bow","잡목림 활"
"Citadel Bow","성채 활"
"Ranger Bow","레인저 활"
"Assassin Bow","암살자 활"
"Spine Bow","척추 활"
"Imperial Bow","제국 활"
"Harbinger Bow","선구자 활"
"Maraketh Bow","마라케스 활"
"Hedron Bow","다면체 활"
"Foundry Bow","주물 활"
"Solarine Bow","태양의 활"
"Gnarled Branch","울퉁불퉁한 나뭇가지"
"Primitive Staff","원시의 지팡이"
"Long Staff","긴 지팡이"
"Royal Staff","왕실 지팡이"
"Crescent Staff","초승달의 지팡이"
"Woodful Staff","목재 지팡이"
Quarterstaff,육척봉
"Highborn Staff","상류층의 지팡이"
"Moon Staff","달의 지팡이"
"Primordial Staff","태고의 지팡이"
Lathi,"쇠테 곤봉"
"Imperial Staff","제국 지팡이"
"Eclipse Staff","월식 지팡이"
"Transformer Staff","변신 지팡이"
"Reciprocation Staff","보복 지팡이"
"Battery Staff","충전 지팡이"
Keyblade,열쇠검
"Corroded Blade","부식된 칼날"
Longsword,장검
"Bastard Sword",바스타드
"Two-Handed Sword",양손검
"Etched Greatsword","조각된 대검"
"Ornate Sword","화려한 검"
"Spectral Sword","영체 검"
"Curved Blade",곡도
"Butcher Sword","도살자 검"
"Footman Sword","보병 검"
"Highland Blade","고지대 검"
"Engraved Greatsword","아로새긴 대검"
"Tiger Sword","호랑이 검"
"Wraith Sword","악령 검"
"Lithe Blade","유연한 검"
"Headman's Sword","참수자의 검"
"Reaver Sword","강탈자 검"
"Ezomyte Blade","에조미어 검"
"Vaal Greatsword","바알 대검"
"Lion Sword","사자 검"
"Infernal Sword","지옥불 검"
"Exquisite Blade","정교한 검"
"Rebuking Blade","질책의 칼"
"Blasting Blade","폭발성 칼"
"Banishing Blade","추방의 칼"
"Stone Axe",돌도끼
"Jade Chopper","비취 절단기"
Woodsplitter,벌목스플리터
Poleaxe,"자루 도끼"
"Double Axe","양날 도끼"
"Gilded Axe","도금된 도끼"
"Shadow Axe","그림자 도끼"
"Dagger Axe","단검 도끼"
"Jasper Chopper","벽옥 절단기"
"Timber Axe","목재용 도끼"
"Headsman Axe","참수자 도끼"
Labrys,라브리스
"Noble Axe","귀족 도끼"
"Abyssal Axe","심연의 도끼"
"Talon Axe","발톱 도끼"
"Karui Chopper","카루이 절단기"
"Sundering Axe","작렬하는 도끼"
"Ezomyte Axe","에조미어 도끼"
"Vaal Axe","바알 도끼"
"Despot Axe","절대군주 도끼"
"Void Axe","공허의 도끼"
Fleshripper,"살점 거열기"
"Prime Cleaver","최종형 가로날도끼"
"Honed Cleaver","연마한 가로날도끼"
"Apex Cleaver","정점의 가로날도끼"
"Driftwood Maul","표류목 대형 망치"
"Tribal Maul","부족 대형 망치"
Mallet,"나무 망치"
Sledgehammer,"대형 양손 망치"
"Jagged Maul","삐죽삐죽한 대형 망치"
"Brass Maul","황동 대형 망치"
"Fright Maul","섬뜩한 대형 망치"
"Morning Star",모닝스타
"Totemic Maul","토템 대형 망치"
"Great Mallet","대형 나무 망치"
Steelhead,"강철머리 망치"
"Spiny Maul","가시투성이 대형 망치"
"Plated Maul","판금 대형 망치"
"Dread Maul","끔찍한 대형 망치"
"Solar Maul","태양의 대형 망치"
"Karui Maul","카루이 대형 망치"
"Colossus Mallet","초대형 나무 망치"
Piledriver,"말뚝 망치"
Meatgrinder,"고기 갈이개"
"Imperial Maul","제국 대형 망치"
"Terror Maul","공포의 대형 망치"
"Coronal Maul","광환의 대형 망치"
"Blunt Force Condenser","둔력 응축자"
"Crushing Force Magnifier","압착력 확대자"
"Impact Force Propagator","충격력 확산자"
"Driftwood Sceptre","표류목 셉터"
"Darkwood Sceptre","흑단목 셉터"
"Bronze Sceptre","청동 셉터"
"Quartz Sceptre","석영 셉터"
"Iron Sceptre","철제 셉터"
"Ochre Sceptre","오커 셉터"
"Ritual Sceptre","의식용 셉터"
"Shadow Sceptre","그림자 셉터"
"Horned Sceptre","뿔 달린 셉터"
"Grinning Fetish","웃는 조각상 홀"
Sekhem,세크헴
"Crystal Sceptre","수정 셉터"
"Lead Sceptre","납 셉터"
"Blood Sceptre","피의 셉터"
"Royal Sceptre","왕실의 셉터"
"Abyssal Sceptre","심연의 셉터"
"Stag Sceptre","수사슴 셉터"
"Karui Sceptre","카루이 셉터"
"Tyrant's Sekhem","폭군의 세크헴"
"Opal Sceptre","오팔 셉터"
"Platinum Sceptre","백금 셉터"
"Vaal Sceptre","바알 셉터"
"Carnal Sceptre","육욕의 셉터"
"Void Sceptre","공허의 셉터"
"Sambar Sceptre","삼바 셉터"
"Oscillating Sceptre","진동 셉터"
"Stabilising Sceptre","안정화의 셉터"
"Alternating Sceptre","갈마드는 셉터"
"Fishing Rod",낚싯대
"Carving Knife","조각용 단도"
"Boot Knife","주머니 단도"
"Copper Kris","구리 크리스"
Skean,"양날 단검"
"Imp Dagger","임프 단검"
"Butcher Knife","도살자 단도"
"Boot Blade",주머니칼
"Golden Kris","황금 크리스"
"Royal Skean","왕실 양날 단검"
"Fiend Dagger","마귀 단검"
"Slaughter Knife","살육 단도"
"Ezomyte Dagger","에조미어 단검"
"Platinum Kris","백금 크리스"
"Imperial Skean","제국 양날 단검"
"Demon Dagger","악마 단검"
"Flickerflame Blade","일렁이는 화염 칼"
"Flashfire Blade","번쩍이는 불꽃 칼"
"Infernal Blade","지옥불 칼"
"Iron Staff","철제 지팡이"
"Coiled Staff","코일형 지팡이"
"Vile Staff","끔찍한 지팡이"
"Military Staff","군용 지팡이"
"Serpentine Staff","사문석 지팡이"
"Foul Staff","사악한 지팡이"
"Ezomyte Staff","에조미어 지팡이"
"Maelström Staff","마엘스트롬 지팡이"
"Judgement Staff","심판 지팡이"
"Capacity Rod","가능성의 막대"
"Potentiality Rod","잠재력의 막대"
"Eventuality Rod","불예측의 막대"
"The Screaming Eagle","울부짖는 독수리"
"Soul Taker","영혼 수확자"
Dyadus,디아두스
"Chin Sol","친 솔"
Darkscorn,"어두운 냉소"
"Death's Harp","죽음의 하프"
Infractem,침범자
"Lioneye's Glare","라이온아이의 섬광"
"Quill Rain","화살 비"
Silverbranch,"은빛 가지"
"Storm Cloud","태풍 구름"
"Voltaxic Rift","전도성 균열"
Windripper,윈드리퍼
"Al Dhih","알 디"
Bloodseeker,"피의 탐색자"
"Cybil's Paw","시빌의 발"
"Essentia Sanguis","피의 정수"
"Last Resort","최후의 수단"
"Mortem Morsu","고통스러운 죽음"
"Bino's Kitchen Knife","비노의 부엌칼"
Divinarius,디비나리우스
Heartbreaker,"심장 분쇄기"
Mightflay,"강력한 가죽칼"
"Ungil's Gauche","웅힐의 투박함"
Brightbeak,"밝은 부리"
"Doon Cuebiyari","둔 큐비야리"
Mjölner,묠니르
"Mon'tregul's Grasp","몬트레굴의 장악"
"Nycta's Lantern","닉타의 등불"
"The Supreme Truth","지고의 진리"
"Doryani's Catalyst","도리아니의 기폭제"
Aurumvorax,"금빛 욕망"
"Ephemeral Edge","덧없는 칼날"
"The Goddess Bound","속박된 여신"
"The Goddess Scorned","경멸받는 여신"
"Prismatic Eclipse","분광 월식"
"Rebuke of the Vaal","바알의 질책"
Redbeak,"붉은 부리"
"Dying Breath","죽어가는 숨결"
Fencoil,"늪 감긴 가지"
"Pillar of the Caged God","갇힌 신의 기둥"
"The Searing Touch","이글거리는 손길"
"Taryn's Shiver","타린의 오한"
Lifesprig,"생명의 가지"
"Midnight Bargain","심야의 교섭"
Moonsorrow,"달의 슬픔"
"Void Battery","공허 충전기"
"Song of the Sirens","사이렌의 노래"
"Atziri's Disfavour","앗지리의 경멸"
"The Blood Reaper","피의 수확자"
"Kaom's Primacy","카옴의 탁월함"
Limbsplit,"사지 분할기"
"Reaper's Pursuit","수확자의 추적"
Wideswing,"넓은 자루 도끼"
"Wings of Entropy","엔트로피의 날개"
"Chober Chaber","초버 차버"
"Geofri's Baptism","조프리의 세례"
"Hrimnor's Hymn","흐림노르의 찬가"
"Kongor's Undying Rage","콩고르의 끝없는 격노"
"Marohi Erqi","마로히 에르키"
Quecholli,퀘촐리
Voidhome,"공허한 고향"
"Oro's Sacrifice","오로의 희생"
"Queen's Decree","여왕의 법령"
"Rigwald's Charge","리그월드의 돌진"
Shiversting,"오한의 검"
"Terminus Est","다가온 최후"
Doomfletch,"죽음의 깃"
"Hyaon's Fury","하야온의 광분"
"Pledge of Hands","손으로 맺은 서약"
"Piscator's Vigil","피스카토의 기도"
"Edge of Madness","광기의 칼날"
Dreamfeather,"꿈의 깃털"
"Apep's Rage","아펩의 격노"
"Hegemony's Era","패권의 시대"
"Mark of the Doubting Knight","불안한 기사의 징표"
"The Dark Seer","어둠 예견자"
"The Harvest",수확
"Agnerod East","동쪽의 아그네로드"
"Agnerod North","북쪽의 아그네로드"
Doomsower,"멸망 유발자"
"Brutus' Lead Sprinkler","브루투스의 리드 스프링클러"
"Reverberation Rod","울림의 막대"
"The Blood Thorn","피의 가시"
"Blood of Summer","여름날의 피"
"Rust of Winter","부패한 겨울"
"Ashes of the Sun","태양의 재"
"Splinter of the Moon","달의 파편"
"Thunder of the Dawn","새벽의 천둥"
"Vestige of Divinity","신성의 자취"
"Fragment of Eternity","영원의 조각"
"Relic of the Cycle","순환의 유물"
"Scar of Fate","운명의 흉터"
"The Whispering Ice","속삭이는 얼음"
"The Consuming Dark","타들어 가는 어둠"
"Sire of Shards","파편의 영주"
"Null's Inclination","몰살 의지"
Twyzel,트위즐
"Tremor Rod","전율의 막대"
"Relentless Fury","맹렬한 광분"
Ichimonji,이치몬지
"Fairgraves' Bearing","페어그레이브즈의 인내"
"Fidelitas' Spike","피델리타스의 가시"
"Callinellus Malleus","집게발 쇠망치"
Gorebreaker,"유혈 분쇄기"
"Lavianga's Wisdom","라비앙가의 지혜"
"Lakishu's Blade","라키슈의 검"
Flesh-Eater,식인종
"The Stormheart","태풍의 눈"
"The Princess",공주
"Moonbender's Wing","달을 구부리는 자의 날개"
Dreadarc,"접근하는 공포"
Wildslash,"거친 베기"
Realmshaper,"영역 형성자"
"Abberath's Horn","아버라스의 뿔"
Bloodplay,"피의 오락"
Goredrill,"유혈 관통"
Kingmaker,실세
"Death's Hand","죽음의 손길"
"The Goddess Unleashed","해방된 여신"
"Jack, the Axe","도끼마 잭"
Stormblast,"태풍 파열"
"Bartek's Finger","바텍의 손가락"
"Boreal Shepherd","북쪽의 양치기"
"Celestial Fragment","천공의 조각"
"Leviathan Ivory","레비아탄의 엄니"
"Ornament of the East","동방의 장신구"
"Jorrhast's Blacksteel","요르하스트의 강철"
"Cameria's Maul","카메리아의 대형 망치"
"Agnerod South","남쪽의 아그네로드"
"Spine of the First Claimant","최초 선구자의 척추"
"Izaro's Dilemma","이자로의 난제"
"Chitus' Needle","치투스의 바늘"
Allure,매혹
"Hezmana's Bloodlust","헤즈마나의 유혈 충동"
"Roth's Reach","로스의 역량"
"Femurs of the Saints","성자의 대퇴골"
Obliteration,말살
"Iron Commander","철의 지휘관"
"Storm Prison","태풍 감옥"
"Eclipse Solaris","솔라리스의 쇠퇴"
Disjunction,분열
Singularity,"중력 붕괴"
Bitterdream,악몽
"Rigwald's Savagery","리그월드의 야만"
"Rigwald's Command","리그월드의 명령"
"Agnerod West","서쪽의 아그네로드"
"Advancing Fortress","전진하는 요새"
"Daresso's Passion","다레소의 열정"
Varunastra,바루나스트라
Clayshaper,클레이쉐이퍼
Rive,리브
"Nuro's Harp","누로의 하프"
Reefbane,"암초의 파멸"
"Axiom Perpetuum","액시옴의 무기징역"
Widowmaker,위도우메이커
Trypanon,트리파논
Frostbreath,"서리 숨결"
"The Tempestuous Steel","격렬한 강철"
"Xirgil's Crank","저글의 손잡이"
"The Dancing Dervish","춤추는 수도승"
"Touch of Anguish","비통의 손길"
Ashcaller,"재 소환사"
"Death's Opus","죽음의 작품"
Hiltless,"고통의 검"
"Doomfletch's Prism","죽음의 깃의 분광기"
Silverbough,"은빛 나뭇가지"
"Hrimnor's Dirge","흐림노르의 만가"
"The Tempest",폭풍
"Amplification Rod","증폭 막대"
"Realm Ender",종결자
"Queen's Escape","여왕의 탈주"
"The Gryphon",그리폰
"The Cauteriser",소각로
Scaeva,스카이바
"Innsbury Edge","인스뷰리 칼날"
"Breath of the Council","의회의 숨결"
"Reach of the Council","의회의 역량"
"Ewar's Mirage","이워의 신기루"
"Kondo's Pride","콘도의 자부심"
Slivertongue,슬리버텅
"Brain Rattler","요동치는 두뇌"
"Razor of the Seventh Sun","날카로운 일곱 번째 태양"
"Cospri's Malice","코스프리의 장난"
"The Scourge",재앙
Starforge,"별의 탄생"
Tulfall,"툴의 몰락"
"Xoph's Nurture","조프의 보살핌"
"Ngamahu's Flame","나마후의 불꽃"
Tulborn,"툴의 탄생"
"Shade of Solaris","솔라리스의 그늘"
"Xoph's Inception","조프의 시초"
"Hand of Thought and Motion","사고와 움직임의 손아귀"
"Hand of Wisdom and Action","지혜와 행동의 손아귀"
"Uul-Netol's Kiss","울네톨의 입맞춤"
"Uul-Netol's Embrace","울네톨의 포옹"
"Severed in Sleep",야습
"United in Dream","꿈속의 연합"
"Arakaali's Fang","아라칼리의 송곳니"
Duskdawn,"황혼의 아침"
"Kitava's Feast","키타바의 연회"
Felltooth,펠투스
Tidebreaker,"물결 분쇄기"
"Martyr of Innocence","결백한 순교자"
"Ahn's Might","안의 완력"
Mordhau,모드하우
"Pagan Geis","이교도의 응고제"
"The Enmity Divine","증오의 신"
"The Rippling Thoughts","퍼져나가는 생각"
"The Wasp Nest","말벌의 독침"
"Debeon's Dirge","데비온의 장송곡"
Taproot,"흡혈 뿌리"
"Borrowed Power","융통된 힘"
Bloodletter,사혈자
"Galla's Riposte","갈라의 반격"
"Cane of Unravelling","해결의 지팡이"
"The Poet's Pen","시인의 펜"
Arborix,아보릭스
"White Wind",눈바람
Vulconus,불커누스
"Beltimber Blade","벨팀버 검"
"Grelwood Shank","그렐나무 자루"
Augyre,오귀르
Shimmeron,쉬머론
Hopeshredder,"희망 종결자"
Nebuloch,네뷸록
Balefire,대화재
Oni-Goroshi,오니고로시
Panquetzaliztli,판케찰리스틀리
Disintegrator,파쇄자
"Cameria's Avarice","카메리아의 탐욕"
"The Stormwall","태풍의 장벽"
"The Dancing Duo","춤추는 한 쌍"
Voidforge,"공허의 탄생"
Mirebough,"늪 가지"
Dreadbeak,"공포의 부리"
Dreadsurge,"밀려드는 공포"
"Geofri's Devotion","조프리의 헌신"
"Sanguine Gambol","핏빛 장난"
"Corona Solaris","솔라리스의 광환"
"Story of the Vaal","바알의 사연"
"Fate of the Vaal","바알의 운명"
"Earendel's Embrace","에아렌델의 포옹"
"Sinvicta's Mettle","신빅타의 패기"
"The Grey Spire","회색 가지"
"Cerberus Limb","케르베로스의 발"
Soulwrest,"영혼 착취"
"Chaber Cairn","차버 케른"
"The Crimson Storm","진홍색 태풍"
Paradoxica,모순
Nebulis,성운
"Sign of the Sin Eater","죄악을 먹는 자의 흔적"
"Cold Iron Point","날붙이 끝"
"The Black Cane","검은 지팡이"
"The Saviour",구원자
Stillwater,"잔잔한 수면"
"The Surging Thoughts","쇄도하는 생각"
"The Yielding Mortality","누그러진 필멸성"
"Witchhunter's Judgment","마녀 사냥꾼의 심판"
"Law of the Wilds","황야의 법칙"
"Replica Iron Commander","철의 지휘관 모조품"
Actum,액툼
"Replica Bitterdream","악몽 모조품"
"The Iron Mass","철제 운집"
"Replica Soul Taker","영혼 수확자 모조품"
"Replica Harvest","수확 모조품"
"Replica Quill Rain","화살 비 모조품"
"Replica Windripper","윈드리퍼 모조품"
"Replica Bloodplay","피의 오락 모조품"
"Replica Ungil's Gauche","웅힐의 투박함 모조품"
"Replica Cold Iron Point","날붙이 끝 모조품"
"Replica Paradoxica","모순 모조품"
"Replica Tempestuous Steel","격렬한 강철 모조품"
"Replica Innsbury Edge","인스뷰리 칼날 모조품"
"Replica Last Resort","최후의 수단 모조품"
"Replica Heartbreaker","심장 분쇄기 모조품"
"Replica Dreamfeather","꿈의 깃털 모조품"
"Replica Earendel's Embrace","에아렌델의 포옹 모조품"
"Replica Oro's Sacrifice","오로의 희생 모조품"
"Replica Tulfall","툴의 몰락 모조품"
"Replica Blood Thorn","피의 가시 모조품"
"Replica Advancing Fortress","전진하는 요새 모조품"
"Replica Allure","매혹 모조품"
"Replica Frostbreath","서리 숨결 모조품"
"Replica Trypanon","트리파논 모조품"
"Replica Duskdawn","황혼의 아침 모조품"
"Replica Fencoil","늪 감긴 가지 모조품"
"Replica Twyzel","트위즐 모조품"
"Replica Midnight Bargain","심야의 교섭 모조품"
"Replica Kongor's Undying Rage","콩고르의 끝없는 격노 모조품"
"Replica Nebulis","성운 모조품"
"Replica Wings of Entropy","엔트로피의 날개 모조품"
"Replica Infractem","침범자 모조품"
"The Hidden Blade","숨겨진 칼날"
"The Fulcrum",버팀대
"Demigod's Authority","반신의 권위"
Goblinedge,고블린날
"Cane of Kulemak","쿨레막의 지팡이"
"Atziri's Rule","앗지리의 통치"
"Yaomac's Accord","야오맥의 합의"
"Relic of the Pact","맹약의 유물"
"The Annihilating Light","절멸의 빛"
"The Gluttonous Tide","걸신들린 파도"
"Rory's Revengance","로리의 복수"
"Mark2's Mastery","마크 2의 숙련"
"Robbie's Rotten Mace","로비의 썩은 철퇴"
"Carl's Crusher","카를의 분쇄기"
"Maligaro's Etcher","말리가로의 부각사"
"The Winds of Fate","숙명의 바람"
Echoforge,"메아리의 탄생"
Widowhail,과부우박
"The Geomantic Gyre","대지술 선회"
"The Redblade",적검
"Maata's Teaching","마아타의 가르침"
"Rakiata's Dance","라키아타의 춤"
"Ethereal Bow","천상의 활"
"Grace of the Goddess","여신의 은총"
Nametaker,이름강탈자
"Serle's Masterwork","세를의 걸작"
"The Burden of Shadows","그림자의 짐"
"The Living Blade","살아있는 칼날"
"Tawhoa's Felling","타호아의 벌채"
"Crude Claw","조잡한 클로"
"Pict Claw","픽트 클로"
"Wolfbone Claw","늑대뼈 클로"
"Forked Claw","갈라진 클로"
"Plated Claw","판금 클로"
"Edged Claw","칼날 클로"
"Arced Claw","원호 클로"
"Hooked Claw","갈고리에 걸린 클로"
"Razorglass Claw","면도날유리 클로"
"Armoured Claw","장갑을 두른 클로"
"Piercing Claw","관통 클로"
"Talon Claw","발톱 클로"
"Crone Knife","노파 단도"
"Simple Dagger","단순한 단검"
"Moon Dagger","달의 단검"
"Engraved Knife","아로새긴 단도"
"Obsidian Dagger","흑요석 단검"
"Bloodletting Dagger","출혈 과다 단검"
"Mail Breaker","사슬옷 분쇄기"
"Kris Knife","크리스 단도"
"Parrying Dagger","흘려보내는 단검"
"Arcane Dirk","비전 날붙이"
Cinquedea,친퀘디아
"Withered Wand","말라버린 마법봉"
"Bone Wand","뼈 마법봉"
"Attuned Wand","조율된 마법봉"
"Siphoning Wand","착취 마법봉"
"Volatile Wand","폭발성 마법봉"
"Galvanic Wand","충격 마법봉"
"Acrid Wand","매서운 마법봉"
"Offering Wand","공물 마법봉"
"Frigid Wand","차디찬 마법봉"
"Torture Wand","고문 마법봉"
"Critical Wand","치명적인 마법봉"
"Primordial Wand","태고의 마법봉"
"Dueling Wand","결투 마법봉"
Shortsword,절단도
Broadsword,넓적검
"Vampiric Blade","흡혈 칼날"
Scimitar,시미터
"Charred Shortsword","까맣게 탄 절단도"
"Sickle Sword","낫 검"
Falchion,언월도
"Treasured Blade","간수해둔 칼날"
"Runic Shortsword","룬 절단도"
Messer,메서
"Commander Sword","지휘관 검"
"Dark Blade","어둠의 칼날"
"Dull Hatchet","무딘 손도끼"
"Hook Axe","갈고리 도끼"
"Bearded Axe","수염 도끼"
"Extended Cleaver","연장 가로날도끼"
"Bandit Hatchet","도적 손도끼"
"Crescent Axe","초승달 도끼"
"Carving Hatchet","조각용 손도끼"
"Sacrificial Axe","희생의 도끼"
"Boarding Hatchet","선상 손도끼"
"Fury Cleaver","광분 가로날도끼"
"Battle Axe","전투용 도끼"
"Profane Cleaver","부정한 가로날도끼"
"Dread Hatchet","공포 손도끼"
"Wooden Club","목재 곤봉"
"Smithing Hammer","대장장이 망치"
"Slim Mace","좁은 철퇴"
Warpick,전쟁곡괭이
"Plated Mace","판금 철퇴"
"Brigand Mace","도둑 철퇴"
"Construct Hammer","구조물 망치"
"Jade Club","비취 곤봉"
"Lumen Mace","루멘 철퇴"
"Execratus Hammer","혐오받는 망치"
"Torment Club","고통 곤봉"
"Advanced Smithing Hammer","고급 대장장이 망치"
"Advanced Slim Mace","고급 좁은 철퇴"
"Advanced Warpick","고급 전쟁곡괭이"
"Advanced Plated Mace","고급 판금 철퇴"
"Advanced Brigand Mace","고급 도둑 철퇴"
"Advanced Construct Hammer","고급 구조물 망치"
"Expert Slim Mace","전문 좁은 철퇴"
"Expert Plated Mace","전문 판금 철퇴"
"Expert Smithing Hammer","전문 대장장이 망치"
"Expert Warpick","전문 전쟁곡괭이"
"Expert Construct Hammer","전문 구조물 망치"
"Expert Brigand Mace","전문 도둑 철퇴"
Shortbow,단궁
"Warden Bow","간수 활"
"Dualstring Bow","이중시위 활"
"Cultist Bow","광신자 활"
"Zealot Bow","맹신자 활"
"Artillery Bow","포대 활"
"Tribal Bow","부족 활"
Greatbow,대궁
"Double Limb Bow","이중날개 활"
"Heavy Bow","무거운 활"
"Advanced Shortbow","고급 단궁"
"Advanced Warden Bow","고급 간수 활"
"Advanced Composite Bow","고급 합성궁"
"Advanced Dualstring Bow","고급 이중시위 활"
"Advanced Cultist Bow","고급 광신자 활"
"Advanced Zealot Bow","고급 맹신자 활"
"Expert Shortbow","전문 단궁"
"Expert Composite Bow","전문 합성궁"
"Expert Warden Bow","전문 간수 활"
"Expert Dualstring Bow","전문 이중시위 활"
"Expert Cultist Bow","전문 광신자 활"
"Expert Zealot Bow","전문 맹신자 활"
"Ashen Staff","잿빛 지팡이"
"Gelid Staff","극한의 지팡이"
"Voltaic Staff","전도성 지팡이"
"Spriggan Staff","스프리건 지팡이"
"Pyrophyte Staff","불저항 지팡이"
"Chiming Staff","차임벨 지팡이"
"Rending Staff","분리 지팡이"
"Reaping Staff","낫질 지팡이"
"Icicle Staff","고드름 지팡이"
"Roaring Staff","포효하는 지팡이"
"Paralysing Staff","마비시키는 지팡이"
"Cleric Staff","성직자 지팡이"
"Dark Staff","어둠의 지팡이"
"Corroded Longsword","부식된 장검"
"Iron Greatsword","철 대검"
"Blessed Claymore","축복받은 클레이모어"
"Broad Greatsword","넓은날 대검"
"Rippled Greatsword","파문 대검"
"Arced Longsword","원호 장검"
"Stone Greatsword","돌 대검"
"Obsidian Greatsword","흑요석 대검"
"Keen Greatsword","예리한 대검"
"Ancient Greatblade","고대 대칼날"
"Flanged Greatblade","테두리 대칼날"
"Regalia Longsword","예복 장검"
"Ultra Greatsword","초거대 대검"
"Splitting Greataxe","분할의 대도끼"
"Light Halberd","경량 미늘창"
"Executioner Greataxe","사형 집행자 대도끼"
"Arched Greataxe","아치형 대도끼"
"Elegant Glaive","고상한 글레이브"
"Savage Greataxe","야만 대도끼"
"Rending Halberd","분리의 미늘창"
"Jagged Greataxe","삐죽삐죽한 대도끼"
"Reaver Glaive","강탈자 글레이브"
"Ember Greataxe","잉걸불 대도끼"
"Ceremonial Halberd","의식용 미늘창"
"Monument Greataxe","기념비 대도끼"
"Vile Greataxe","끔찍한 대도끼"
"Felled Greatclub","쓰러진 대곤봉"
"Oak Greathammer","참나무 대망치"
"Forge Maul","대장간 대형 망치"
"Studded Greatclub","징 박힌 대곤봉"
"Cultist Greathammer","광신자 대망치"
"Temple Maul","사원 대형 망치"
"Leaden Greathammer","납빛 대망치"
"Crumbling Maul","허물어지는 대형 망치"
"Pointed Maul","뾰족한 대형 망치"
"Totemic Greatclub","토템의 대곤봉"
Greatmace,대철퇴
"Precise Greathammer","정확한 대망치"
"Giant Maul","거대 대형 망치"
"Advanced Oak Greathammer","고급 참나무 대망치"
"Advanced Forge Maul","고급 대장간 대형 망치"
"Advanced Cultist Greathammer","고급 광신자 대망치"
"Advanced Temple Maul","고급 사원 대형 망치"
"Advanced Leaden Greathammer","고급 납빛 대망치"
"Advanced Crumbling Maul","고급 허물어지는 대형 망치"
"Expert Forge Maul","전문 대장간 대형 망치"
"Expert Temple Maul","전문 사원 대형 망치"
"Expert Oak Greathammer","전문 참나무 대망치"
"Expert Cultist Greathammer","전문 광신자 대망치"
"Expert Crumbling Maul","전문 허물어지는 대형 망치"
"Expert Leaden Greathammer","전문 납빛 대망치"
"Rattling Sceptre","덜컹대는 셉터"
"Stoic Sceptre","엄숙한 셉터"
"Lupine Sceptre","늑대 셉터"
"Omen Sceptre","징조 셉터"
"Shrine Sceptre","성소 셉터"
"Devouring Sceptre","포식 셉터"
"Clasped Sceptre","움켜잡는 셉터"
"Devotional Sceptre","헌신의 셉터"
"Wrath Sceptre","진노 셉터"
"Aromatic Sceptre","방향 셉터"
"Pious Sceptre","경건한 셉터"
"Hallowed Sceptre","거룩한 셉터"
"Wrapped Quarterstaff","싸맨 육척봉"
"Long Quarterstaff","긴 육척봉"
"Gothic Quarterstaff","고딕 육척봉"
"Crackling Quarterstaff","치직대는 육척봉"
"Crescent Quarterstaff","초승달 육척봉"
"Steelpoint Quarterstaff","강철침 육척봉"
"Slicing Quarterstaff","저미는 육척봉"
"Barrier Quarterstaff","방벽 육척봉"
"Hefty Quarterstaff","장대한 육척봉"
"Smooth Quarterstaff","매끄러운 육척봉"
"Anima Quarterstaff","생명 육척봉"
"Graceful Quarterstaff","우아한 육척봉"
"Wyrm Quarterstaff","아룡 육척봉"
"Advanced Long Quarterstaff","고급 긴 육척봉"
"Advanced Gothic Quarterstaff","고급 고딕 육척봉"
"Advanced Crackling Quarterstaff","고급 치직대는 육척봉"
"Advanced Crescent Quarterstaff","고급 초승달 육척봉"
"Advanced Slicing Quarterstaff","고급 저미는 육척봉"
"Advanced Barrier Quarterstaff","고급 방벽 육척봉"
"Expert Gothic Quarterstaff","전문 고딕 육척봉"
"Expert Crescent Quarterstaff","전문 초승달 육척봉"
"Expert Long Quarterstaff","전문 긴 육척봉"
"Expert Crackling Quarterstaff","전문 치직대는 육척봉"
"Expert Barrier Quarterstaff","전문 방벽 육척봉"
"Expert Slicing Quarterstaff","전문 저미는 육척봉"
"Hardwood Spear","견목 창"
"Ironhead Spear","철창날 창"
"Hunting Spear","사냥 창"
"Winged Spear","날개 달린 창"
"War Spear","전쟁 창"
"Forked Spear","갈라진 창"
"Barbed Spear","가시 돋친 창"
"Broad Spear","넓은날 창"
"Crossblade Spear","십자칼날 창"
"Seaglass Spear","바다유리 창"
"Sword Spear","검 창"
"Striking Spear","타격하는 창"
"Helix Spear","나선 창"
"Makeshift Crossbow","임시 석궁"
"Tense Crossbow","팽팽한 석궁"
"Sturdy Crossbow","튼튼한 석궁"
"Varnished Crossbow","광택 나는 석궁"
"Dyad Crossbow","이중 석궁"
"Alloy Crossbow","합금 석궁"
"Bombard Crossbow","포격 석궁"
"Construct Crossbow","구조물 석궁"
"Blackfire Crossbow","검은불 석궁"
"Piercing Crossbow","관통 석궁"
"Cumbrous Crossbow","거추장스러운 석궁"
"Dedalian Crossbow","복잡한 석궁"
"Esoteric Crossbow","신비로운 석궁"
"Advanced Tense Crossbow","고급 팽팽한 석궁"
"Advanced Sturdy Crossbow","고급 튼튼한 석궁"
"Advanced Varnished Crossbow","고급 광택 나는 석궁"
"Advanced Dyad Crossbow","고급 이중 석궁"
"Advanced Bombard Crossbow","고급 포격 석궁"
"Advanced Forlorn Crossbow","고급 고독한 석궁"
"Expert Sturdy Crossbow","전문 튼튼한 석궁"
"Expert Varnished Crossbow","전문 광택 나는 석궁"
"Expert Tense Crossbow","전문 팽팽한 석궁"
"Expert Dyad Crossbow","전문 이중 석궁"
"Expert Bombard Crossbow","전문 포격 석궁"
"Expert Forlorn Crossbow","전문 고독한 석궁"
"Splintered Flail","쪼개진 도리깨"
"Chain Flail","사슬 도리깨"
"Holy Flail","신성한 도리깨"
"Iron Flail","철 도리깨"
"Twin Flail","쌍둥이 도리깨"
"Slender Flail","날씬한 도리깨"
"Stone Flail","돌 도리깨"
"Ring Flail","고리 도리깨"
"Guarded Flail","보호받는 도리깨"
"Icicle Flail","고드름 도리깨"
"Tearing Flail","찢는 도리깨"
"Great Flail","거대 도리깨"
"Abyssal Flail","심연의 도리깨"
"Clay Trap","점토 덫"
"Clamping Trap","죔쇠 덫"
"Shrapnel Trap","파편 덫"
"Urn Trap","단지 덫"
"Incense Trap","향 덫"
"Bladed Trap","칼날 덫"
"Dart Trap","화살침 덫"
"Spike Trap","가시 덫"
"Coiled Trap","코일형 덫"
"Lead Trap","납 덫"
"Medallion Trap","메달리온 덫"
"Intricate Trap","정교한 덫"
"Refined Trap","제련된 덫"
"Daevata's Wind","다이바타의 바람"
"The Endless Night","끝없는 밤"
"Winter's Bite","겨울의 추위"
"Wylund's Stake","와일룬드의 말뚝"
Hoghunt,돼지사냥
"Dusk Vigil","황혼의 불침번"
"Sanguine Diviner","핏빛 예언자"
"Enezun's Charge","에네준의 돌진"
"Falling Snow","내리는 눈"
Ironbound,철결속
Splinterheart,파편심장
"Dealer's Hand","중개인의 손"
"Mist Whisper","연무의 속삭임"
"Rampart Raptor","성벽 랩터"
Olrovasara,올로바사라
"Brynhand's Mark","브린핸드의 징표"
"Pulpit Pulper","설교단을 뭉개는 자"
Trenchtimbre,참호목
"Sculpted Suffering","조각된 고통"
"Seeing Stars","눈앞의 별"
Goldshaper,"금을 빚는 자"
Bluetongue,푸른혀
"The Sentry",보초
Matsya,마챠
"Nazir's Judgement","나지르의 심판"
"Rhea's Rhythm","리아의 리듬"
"Font of Power","힘의 샘"
Heartseeker,"심장 추적자"
Earthbound,대지결속
Grimgrasp,"스산한 손아귀"
Trephina,트레피나
"The Empty Roar","공허한 포효"
Shyaba,샤바
"The Wicked Quill","부도덕한 깃펜"
"Rod of Enervation","피폐의 막대"
"The Dark Defiler","어둠의 모독자"
"Collapsing Horizon","무너지는 지평선"
"Sacred Flame","신성한 불꽃"
"Guiding Palm","인도하는 손바닥"
Skysliver,"하늘의 편린"
INCOMPLETE,미완성
"Splinter of Loratta","로라타의 파편"
"Solar Lance","태양 기병창"
"Kalguuran Forgehammer","칼구르 대장망치"
"Calescent Hammer","열기 증가 망치"
"Flared Mace","번쩍이는 철퇴"
"Battle Pick","전투 곡괭이"
"Marching Mace","행진 철퇴"
"Bandit Mace","도적 철퇴"
"Structured Hammer","구조화된 망치"
"Crown Mace","왕관 철퇴"
"Molten Hammer","녹아내린 망치"
"Strife Pick","투쟁 곡괭이"
"Fortified Hammer","견고한 망치"
"Marauding Mace","약탈하는 철퇴"
"Akoyan Club","아코야의 곤봉"
"Snakewood Shortbow","뱀나무 단궁"
"Protector Bow","보호자 활"
"Rider Bow","기수 활"
"Twin Bow","쌍둥이 활"
"Adherent Bow","지지자 활"
"Militant Bow","호전적인 활"
"Ironwood Shortbow","철목 단궁"
"Cavalry Bow","기병대 활"
"Guardian Bow","수호자 활"
"Gemini Bow","쌍둥이자리 활"
"Fanatic Bow","광신도 활"
"Warmonger Bow","전쟁광 활"
"Obliterator Bow","절멸자 활"
"Sanctified Staff","축성된 지팡이"
"Ravenous Staff","굶주린 지팡이"
"Permafrost Staff","만년설 지팡이"
"Snakewood Greathammer","뱀나무 대망치"
"Blacksmith Maul","대장장이 대형 망치"
"Zealot Greathammer","맹신자 대망치"
"Solemn Maul","엄숙한 대형 망치"
"Heavy Greathammer","무거운 대망치"
"Disintegrating Maul","분해시키는 대형 망치"
"Anvil Maul","모루 대형 망치"
"Sacred Maul","신성한 대형 망치"
"Ironwood Greathammer","철목 대망치"
"Fanatic Greathammer","광신도 대망치"
"Ruination Maul","폐허의 대형 망치"
"Massive Greathammer","거대한 대망치"
"Tawhoan Greatclub","타호아의 대곤봉"
"Reaching Quarterstaff","뻗치는 육척봉"
"Barbarous Quarterstaff","상스러운 육척봉"
"Arcing Quarterstaff","전호의 육척봉"
"Waxing Quarterstaff","차오르는 육척봉"
"Bladed Quarterstaff","칼날 육척봉"
"Guardian Quarterstaff","수호자 육척봉"
"Sinister Quarterstaff","험악한 육척봉"
"Lunar Quarterstaff","달의 육척봉"
"Striking Quarterstaff","타격하는 육척봉"
"Bolting Quarterstaff","번갯불의 육척봉"
"Aegis Quarterstaff","비호 육척봉"
"Razor Quarterstaff","면도날 육척봉"
"Dreaming Quarterstaff","몽환의 육척봉"
"Steelhead Spear","강철머리 창"
"Coursing Spear","세차게 흐르는 창"
"Swift Spear","재빠른 창"
"Branched Spear","갈라진 창"
"Jagged Spear","삐죽삐죽한 창"
"Massive Spear","거대한 창"
"Orichalcum Spear","오리칼쿰 창"
"Pronged Spear","갈래진 창"
"Stalking Spear","뒤를 쫓는 창"
"Flying Spear","비행 창"
"Grand Spear","우수한 창"
"Spiked Spear","가시 창"
"Akoyan Spear","아코야의 창"
"Taut Crossbow","팽팽한 석궁"
"Robust Crossbow","탄탄한 석궁"
"Painted Crossbow","도색된 석궁"
"Twin Crossbow","쌍둥이 석궁"
"Cannonade Crossbow","연속 포격 석궁"
"Bleak Crossbow","음산한 석궁"
"Stout Crossbow","완강한 석궁"
"Engraved Crossbow","아로새긴 석궁"
"Flexed Crossbow","몸 풀린 석궁"
"Gemini Crossbow","쌍둥이자리 석궁"
"Siege Crossbow","공성 석궁"
"Desolate Crossbow","황량한 석궁"
"Elegant Crossbow","우아한 석궁"
"Guiding Palm of the Heart","심장의 인도하는 손바닥"
"Splinter of Lorrata","로라타의 파편"
"Tyranny's Grip","폭정의 손아귀"
Chainsting,사슬침
"The Hammer of Faith","신념의 망치"
"Demigod's Judgement","반신의 심판"
"Saitha's Spear","사이타의 창"
"The Grand Design","위대한 설계"
Windpiercer,바람송곳
"Double Vision","이중 시각"
"Rhoa Reaver","로아 강탈자"
"Strike of Inspiration","영감의 강타"
"Spire of Ire","노여움의 첨탑"
Tangletongue,꼬인혀
"Courtly Discord","고상한 불화"
Cursecarver,저주난자
"The Last Lament","최후의 한탄"
"Guiding Palm of the Eye","눈의 인도하는 손바닥"
"Guiding Palm of the Mind","정신의 인도하는 손바닥"
"Adonia's Ego","아도니아의 자아"
"Palm of the Dreamer","몽상가의 손바닥"
"Fairgraves' Curse","페어그레이브즈의 저주"
"The Unborn Lich","태어나지 않은 리치"
"Somatic Wand","신체의 마법봉"
"Blasting Wand","폭발하는 마법봉"
"Kinetic Wand","역학 마법봉"
Starcaller,"별을 부르는 자"
"Mystic Refractor","신비한 굴절기"
"Cadigan's Authority","캐디건의 권위"
"Legacy of the Rose","장미의 유산"
"Festering Resentment","짓무르는 원한"
"The Grey Wind","회색 바람"
"Wing of the Wyvern","비룡의 날개"
"The Golden Charlatan","금빛 사기꾼"
"The Monastery Bell","수도원 종"
"Jiquani's Potential","지콰니의 잠재력"
"Unlight Extant","무광의 잔존"
"Reflecting Staff","투영하는 지팡이"
"Skullcrusher Quarterstaff","두개골 타쇄자 육척봉"
"Soaring Spear","솟구치는 창"
"Guardian Spear","수호자 창"
"Changeling Talisman","체인질링 부적"
"Nettle Talisman","쐐기풀 부적"
"Cinderbark Talisman","재껍질 부적"
"Familial Talisman","가문의 부적"
"Frenzied Talisman","격분의 부적"
"Primal Talisman","원시 부적"
"Rabid Talisman","광포한 부적"
"Vicious Talisman","포악한 부적"
"Voltfang Talisman","전기송곳니 부적"
"Lumbering Talisman","굼뜬 부적"
"Roaring Talisman","포효하는 부적"
"Wingbeat Talisman","날갯짓 부적"
"Condemned Talisman","사형수의 부적"
"Howling Talisman","울부짖는 부적"
"Fury Talisman","광분 부적"
"Cruel Talisman","잔혹한 부적"
"Spiny Talisman","가시투성이 부적"
"Ashbark Talisman","재껍질 부적"
"Fang Talisman","송곳니 부적"
"Fungal Talisman","버섯 부적"
"Alpha Talisman","우두머리 부적"
"Maji Talisman","마지 부적"
"Wildwood Talisman","야생림 부적"
"Thunder Talisman","천둥 부적"
"Jade Talisman","비취 부적"
"Amor Mandragora","아모르 만드라고라"
"Fury of the King","왕의 광분"
"Atziri's Contempt","앗지리의 경멸"
"Hysseg's Claw","히세그의 발톱"
"The Flesh Poppet","살점 귀염둥이"
"The Sands of Time","시간의 모래"
Skysunder,하늘작렬
Fleshrender,살점난도자
"The Sacred Chalice","신성한 성배"
"The Desecrated Chalice","훼손된 성배"
"The Flame of Hope","희망의 불길"
"The Broken Elegy","망가진 비가"
"The Bane of Hope","희망의 파멸"
